handleId,fieldType,name,description,productImageUrl,collection,sku,ribbon,price,surcharge,visible,discountMode,discountValue,inventory,weight,cost,productOptionName1,productOptionType1,productOptionDescription1,productOptionName2,productOptionType2,productOptionDescription2,productOptionName3,productOptionType3,productOptionDescription3,productOptionName4,productOptionType4,productOptionDescription4,productOptionName5,productOptionType5,productOptionDescription5,productOptionName6,productOptionType6,productOptionDescription6,additionalInfoTitle1,additionalInfoDescription1,additionalInfoTitle2,additionalInfoDescription2,additionalInfoTitle3,additionalInfoDescription3,additionalInfoTitle4,additionalInfoDescription4,additionalInfoTitle5,additionalInfoDescription5,additionalInfoTitle6,additionalInfoDescription6,customTextField1,customTextCharLimit1,customTextMandatory1,customTextField2,customTextCharLimit2,customTextMandatory2,brand
product_529ed0e5-8572-a205-c1dd-9bf703c76675,Product,Just the dice ,,,,,,30.0,,False,PERCENT,0.0,15,,,,,,,,,,,,,,,,,,,,,,,,,,,,,,,,,,,,,,,
product_6ef4f446-65e5-5147-ac2d-9bc674c60fba,Product,Cult of Mathilda T-Shirt,"<p>Introducing the exclusive Cult of Mathilda T shirt, a must-have for anyone who worships the interdimensional spider goddess. This shirt is standard issue to members of the cult and features intricate embroidery of runes on the sleeves, neckline, and waist hem. The small ""Cult of Mathilda"" logo on the front and impressive shoulder width embroidery on the back make a bold statement. Made from 100% cotton, this shirt is of the highest quality and weight available. The drop shoulder fit adds a streetwear edge to this unique piece. Join the cult and show your devotion with this one-of-a-kind t-shirt.<br><br><a href=""https://www.fenclawandfaund.com/product-page/cult-of-mathilda-storybook"" target=""_blank"">This item includes the storybook:&nbsp; ""The Cult of Mathilda""</a></p>",a47bec_5d5931d309c440e58ae748d45778c293~mv2.jpg;a47bec_76eba78e3c814938aa0aeeda1b97d5b9~mv2.jpg;a47bec_5fa2bc5f18434d07a0f9a6faad4c5d95~mv2.jpg;a47bec_3eed99768283449c9e88549f24de9946~mv2.png,The Cult of Mathilda,,,65.0,,True,PERCENT,0.0,0,,,Size,DROP_DOWN,Medium;Large;XL;XXL;XXXL,,,,,,,,,,,,,,,,,,,,,,,,,,,,,,,,,,
product_6ef4f446-65e5-5147-ac2d-9bc674c60fba,Variant,,,,,,,,,False,,,0,,,,,XL,,,,,,,,,,,,,,,,,,,,,,,,,,,,,,,,,,
product_6ef4f446-65e5-5147-ac2d-9bc674c60fba,Variant,,,,,,,,,False,,,0,,,,,Medium,,,,,,,,,,,,,,,,,,,,,,,,,,,,,,,,,,
product_6ef4f446-65e5-5147-ac2d-9bc674c60fba,Variant,,,,,,,,,False,,,0,,,,,Large,,,,,,,,,,,,,,,,,,,,,,,,,,,,,,,,,,
product_6ef4f446-65e5-5147-ac2d-9bc674c60fba,Variant,,,,,,,,,False,,,0,,,,,XXXL,,,,,,,,,,,,,,,,,,,,,,,,,,,,,,,,,,
product_6ef4f446-65e5-5147-ac2d-9bc674c60fba,Variant,,,,,,,,,False,,,0,,,,,XXL,,,,,,,,,,,,,,,,,,,,,,,,,,,,,,,,,,
product_98fb971d-57d1-b4a2-4fc3-539519d977b6,Product,Cult of Mathilda Apprentice's Handbook & Dice of Destiny,"<p>The Cult of Mathilda Apprentices handbook is a spell book that contains a range of practical spells with detailed ingredients, incantations and evocative ideas. The handbook also includes roleplaying applications for each spell, making it perfect for use in a TTRPG. But that's not all - the handbook also comes with a set of runic dice, aptly named ""The Dice of Destiny"", which allow for randomized spellcasting and unique spell combos. This handbook is a must-have for any spider-worshiping member of the Cult of Mathilda.<br><br><a href=""https://www.fenclawandfaund.com/product-page/cult-of-mathilda-apprentices-handbook"" target=""_blank"">This item includes the storybook: ""The Cult of Mathilda""</a></p>",a47bec_aede77a773d6439b90d34b177d68aad7~mv2.jpg;a47bec_90361adbabe549d2bef44206fe9a4f33~mv2.png;a47bec_e3c8dc9e0e1b4161844e288dccb32c33~mv2.jpg;a47bec_0e1dfa27f4c04fe7ab6593b8b6dfc035~mv2.jpg;a47bec_78c9ca1f831d48b5a7b632303a228abc~mv2.jpg;a47bec_742e26c6716b430f97dd2796b9ce3308~mv2.jpg;a47bec_f22272032f1c48228e9b486da1937195~mv2.jpg;a47bec_7f8a815f97dd4f3480bca4d0e9b661b2~mv2.jpg,The Cult of Mathilda,,,55.0,,True,PERCENT,0.0,62,,,,,,,,,,,,,,,,,,,,,,,,,,,,,,,,,,,,,,,
product_7d156f2b-30ba-52b8-7c26-cb410c1b2938,Product,Cult of Mathilda Storybook - Physical Copy,"Embark on an epic adventure with the Cult of Mathilda storybook, featuring Felix, Fiona, and the Swordfish crew as they battle their way through evil forces to reach the legendary golden portal. This thrilling tale is filled with danger, mystery, and treacherous enemies at every turn. Watch as the crew fights for survival against the Jeweler's Guild's thugs and the shadowy cult who worship the Interdimensional Spider Queen known as the Cult of Mathilda. Will they make it to the portal alive? Find out in this captivating storybook.",a47bec_5f7f6200d0194874a54d07fece0ac14a~mv2.png,The Cult of Mathilda;Story Books Slider,,,20.0,,True,PERCENT,0.0,100,,,,,,,,,,,,,,,,,,,,,,,,,,,,,,,,,,,,,,,
product_6cd51012-5b49-ff68-4624-ba788757c452,Product,Cult of Mathilda Beanie,"<p>Introducing the Cult of Mathilda beanie, a perfect accessory for spider cultists and fantasy fashion enthusiasts alike. Made from high-quality acrylic, this beanie features intricate embroidery around the entire rim, showcasing the cult's signature runes. Named after the infamous ""Cult of Mathilda,"" who wear these beanies as a symbol of their devotion to the interdimensional Spider Queen. Add a touch of dark magic to your outfit and boost your blessings with the Cult of Mathilda beanie. Join the cult and embrace the power of Mathilda today.</p><p><br>This item includes the storybook: ""The Cult of Mathilda""</p>",a47bec_2fcee9ff7db04556b3be2d7b0837f93a~mv2.jpg;a47bec_7792703021994e2f8125b97f226b9f46~mv2.png,The Cult of Mathilda,,,30.0,,True,PERCENT,0.0,180,,,,,,,,,,,,,,,,,,,,,,,,,,,,,,,,,,,,,,,
product_3acb60c7-924a-37e8-2782-0ff2bcd558e9,Product,Terrific tiger sleeves,"<p>Introducing our Tiger Hide Bell Sleeves, the perfect addition to any fantasy fashion ensemble. These sleeves are designed with a bold tiger print that will make you stand out in any crowd. The elastic bands ensure a comfortable and secure fit, while the bell shape adds a touch of elegance to your outfit. Available in two sizes, these sleeves are perfect for any body type. Add some fierce flair to your wardrobe with our Tiger Hide Bell Sleeves.<br><br><a href=""https://www.fenclawandfaund.com/product-page/storybook"" target=""_blank"">This&nbsp; item includes the story book: 'The Cat Captain's Coffers'</a></p>",a47bec_595fffa61bf540468ccd5086f779b42c~mv2.jpg,The Cat Captain's Coffers,,,25.0,,False,PERCENT,0.0,InStock,,,Size,DROP_DOWN,Small;Large,,,,,,,,,,,,,,,,,,,,,,,,,,,,,,,,,,
product_6a6e6379-986f-9a94-07b5-3190f997fc1d,Product,Fiona's Cloth Collar ,"<p>Introducing Fiona's Cloth Collar, the perfect accessory to add a touch of enchantment to your outfit. Handmade with high-quality polyester, this collar is both durable and comfortable to wear. Its adjustable design ensures a perfect fit for any neck size. In our fantasy stories, this collar is worn by the enchantress Fiona Faund after she joins the crew of the Swordfish. Add a touch of magic to your wardrobe with Fiona's Cloth Collar.<br><br>This item includes the story book: ""The Cat Captain's Coffers""</p>",a47bec_a7eb376adefc43b98af6c5879887acaa~mv2.jpg,The Cat Captain's Coffers,,,20.0,,False,PERCENT,0.0,InStock,,,Color,COLOR,"#b81616:Red;rgb(193,180,123):Cream",,,,,,,,,,,,,,,,,,,,,,,,,,,,,,,,,,
product_7c5ddbb9-aafb-565e-642b-0aa0d8b66b34,Product,The Cult of Mathilda Trucker Hat,"<p>Introducing The Cult of Mathilda Trucker hat, the ultimate accessory for fans of the interdimensional spider goddess. This hat is worn by the leaders of the cult, making it a must-have for any member or follower. With the bold statement ""Spiders want me, Humans fear me"" embroidered on the front, this hat is sure to turn heads. It is made of the highest quality materials and is one size fits all. The inside taping is adorned with magical runes, enhancing the mystical allure of this purple trucker hat.</p><p><br>This item includes the storybook: ""The Cult of Mathilda""</p>",a47bec_c115e0d535494a66aa6e4823286b6ff0~mv2.jpg;a47bec_ce7b8b62eefb4c1f942704e8bf97d7a0~mv2.png;a47bec_cd1e88e593764352a55443f3fd1fa013~mv2.jpg;a47bec_c335913e3cfa486593dc18fd7a16e98d~mv2.jpg;a47bec_687e29b63ad0486b818e4ecbf65b4bf7~mv2.jpg;a47bec_a457cc47ab8f4081bbdc50914a7a8f21~mv2.jpg,The Cult of Mathilda,,,45.0,,True,PERCENT,0.0,InStock,,,,,,,,,,,,,,,,,,,,,,,,,,,,,,,,,,,,,,,
product_2c4bcd3a-ec6f-7179-d7d2-ba6a585fd4eb,Product,Swordfish Sailor's “How much is enough?” Tricorn,"<p>Become part of the Swordfish crew with our Sailor's “How much is enough?” Tricorn hat. Made from 100% wool, this high-quality hat features stylish tassels and is lined for added comfort. It's also adjustable and can be stretched for larger heads. But that's not all - it comes with a QR Code tag that links to our pirate song, ""How Much Is Enough"" on Spotify, so you can truly feel like part of the crew. Named after the legendary crew of the ship called ""The Swordfish"", led by the infamous ""Cat Captain"" Felix Fenclaw, this tricorn hat is the perfect addition to any pirate outfit.</p><p><br>This item includes the storybook: ""The Cat Captain's Coffers""</p>",a47bec_22a95039a8a74a9e93c220bd8d2b8aae~mv2.jpg;a47bec_ed1bea54df384f48949327084ce3c39f~mv2.jpg,The Cat Captain's Coffers,,,99.0,,True,PERCENT,0.0,InStock,,,,,,,,,,,,,,,,,,,,,,,,,,,,,,,,,,,,,,,
product_d3ad1936-a516-71f0-361c-26d4448ec538,Product,"'Adaween, Gem of the Jungle' Storybook","<p>Get lost in the exciting world of Adaween with the 'Adaween, Gem of the Jungle' storybook. Follow the daring pirates Felix Fenclaw and Fiona Faund as they embark on a mission to find the Golden Portal ruins. However, their quest is halted by a locked door, and the only way to get through is to obtain the key from the notorious Jeweler's Guild. This thrilling heist story will keep you on the edge of your seat until the very end. Order your physical&nbsp;copy today and experience the adventure for yourself</p>",a47bec_c9d9abc780a04a69bf86cb1723ff8cb3~mv2.png,"Adaween, the Gem of the Jungle;Story Books Slider",,,10.0,,True,PERCENT,0.0,InStock,,,,,,,,,,,,,,,,,,,,,,,,,,,,,,,,,,,,,,,
product_04b06b6d-38c0-7ba4-97b6-fcf75f78334f,Product,Captain Fenclaw's “How Much is Enough?” Tricorn Hat,"<p>Sail the high seas in style with Captain Fenclaw's ""How much is enough?"" Tricorn. This iconic wool hat was worn by the infamous Cat Captain Felix Fenclaw himself, and is the perfect addition to any pirate ensemble. Handmade with the highest quality materials, the Tricorn is fully lined and adjustable for a comfortable fit. Plus, it features a unique QR code that links to our pirate anthem ""How Much Is Enough?"" on Spotify. Don't miss out on this must-have accessory for any swashbuckling adventure.<br><br>This item includes the storybook: ""The Cat Captain's Coffers""&nbsp;</p>",a47bec_aadeef87dcbe4b399f22df200690d22b~mv2.jpg;a47bec_17728a5d348c44e1a203f3efe1b5e868~mv2.jpg;a47bec_dabd0d87ee074c62b06f15059147d7e1~mv2.jpg;a47bec_64d504fca5654c21b51a6e23994b737d~mv2.jpg;a47bec_63298ff993834a3ea51e459e84a7bae9~mv2.jpg,The Cat Captain's Coffers;Featured Slider,,,98.0,,True,PERCENT,0.0,19,,20.0,,,,,,,,,,,,,,,,,,,,,,,,,,,,,,,,,,,,,
product_98b1f083-3220-c208-0a20-b167033f365d,Product,'The Cat Captain's Coffers' Storybook,"<p>The Cat Captain's Coffers"" is a captivating storybook that takes readers on a thrilling adventure with Felix Fenclaw, the fearless cat captain, on his quest to find the golden portal. Landing his ship at the harbor town of Kazan, he meets Fiona Faund, an enchantress and the owner of The Urchins Kiss tavern. The story follows their fateful encounter and how they first met, with Felix discovering Fiona's golden portal necklace and trying to recruit her to his crew.&nbsp; This physical&nbsp;storybook is perfect for readers of who love fantasy and adventure tales. Join Felix and Fiona as they embark on an unforgettable journey in ""The Cat Captain's Coffers.</p>",a47bec_9d20bf614da34b1485b2f5f09bb0a047~mv2.png,The Cat Captain's Coffers;Story Books Slider,,,5.0,,True,PERCENT,0.0,InStock,,,,,,,,,,,,,,,,,,,,,,,,,,,,,,,,,,,,,,,
product_6490c4e3-0689-63b7-7297-820e2d18d924,Product,The Jeweler's Guild Signet Ring,"<p>Embark on an enchanting journey with The Jeweler's Guild Signet Ring.</p><p>&nbsp;</p><p>&nbsp;Inspired by the daring exploits of Felix and Fiona in the fabled jungle city of Adaween, this extraordinary ring holds the key to unlock the secrets of The Golden Portal—a lost ancient ruin obscured by the passage of time.</p><p>&nbsp;</p><p>Imbued with the highest quality electroplated stainless steel, its intricate design reflects the native markings of Adaween, while the pure amethyst pyramid at its core radiates a mystical violet glow, a key that empowers&nbsp;you with clarity of mind and spiritual protection.</p><p>&nbsp;</p><p>Encased in a meticulously crafted wooden box, The Jeweler's Guild Signet Ring embodies both modern sophistication and fantastical charm.</p><p>&nbsp;</p><p>Let this extraordinary ring transport you to a world where destiny and adventure intertwine, guiding you towards the undiscovered wonders that lie beyond The Golden Portal.<br><br>This item includes the storybook: ""Adaween, the Gem of the Jungle""</p>",a47bec_04ec6893ce984b718b9ea4ff4f674820~mv2.jpg;a47bec_4558e63814d448b1b9e7cf32a5185a14~mv2.jpg;a47bec_5359ba681b044deaa1fcd0c2724e5898~mv2.jpg;a47bec_0819b58a45ed4526b7d00b5bd1c82946~mv2.jpg;a47bec_7599bd434eea405d955cb30cca659eb9~mv2.jpg;a47bec_fae29ddc96144bafbcb562e80aa74f5d~mv2.png,"Featured Slider;Adaween, the Gem of the Jungle",,,65.0,,True,PERCENT,0.0,0,,,Size,DROP_DOWN,6;7;8;9;10;11;12,,,,,,,,,,,,,,,,,,,,,,,,,,,,,,,,,,
product_6490c4e3-0689-63b7-7297-820e2d18d924,Variant,,,,,,,,,True,,,43,,,,,8,,,,,,,,,,,,,,,,,,,,,,,,,,,,,,,,,,
product_6490c4e3-0689-63b7-7297-820e2d18d924,Variant,,,,,,,,,True,,,41,,,,,9,,,,,,,,,,,,,,,,,,,,,,,,,,,,,,,,,,
product_6490c4e3-0689-63b7-7297-820e2d18d924,Variant,,,,,,,,,True,,,44,,,,,11,,,,,,,,,,,,,,,,,,,,,,,,,,,,,,,,,,
product_6490c4e3-0689-63b7-7297-820e2d18d924,Variant,,,,,,,,,True,,,45,,,,,6,,,,,,,,,,,,,,,,,,,,,,,,,,,,,,,,,,
product_6490c4e3-0689-63b7-7297-820e2d18d924,Variant,,,,,,,,,True,,,44,,,,,12,,,,,,,,,,,,,,,,,,,,,,,,,,,,,,,,,,
product_6490c4e3-0689-63b7-7297-820e2d18d924,Variant,,,,,,,,,True,,,43,,,,,10,,,,,,,,,,,,,,,,,,,,,,,,,,,,,,,,,,
product_6490c4e3-0689-63b7-7297-820e2d18d924,Variant,,,,,,,,,True,,,44,,,,,7,,,,,,,,,,,,,,,,,,,,,,,,,,,,,,,,,,
product_8327ee6d-67f7-7275-d959-d92afb97cd4f,Product,The Commander's Collar,"<p>Be the talk of the Swordfish in The Commander's Collar. This red and gold woven fabric choker has an adjustable closure with gold snaps. If you're looking to add a dash of flair to your uniform, this choker will fit like a starfish in a tidepool.</p>",,,,,50.0,,False,PERCENT,0.0,InStock,,,,,,,,,,,,,,,,,,,,,,,,,,,,,,,,,,,,,,,
product_10f31a0e-5583-df87-24ff-835fea0d1811,Product,The Golden Portal Chain Necklace,"<p>You've been searching everywhere for The Golden Portal Chain Necklace ever since you've heard the tales of Fiona Faund. This enchanted gold necklace is the key to your next adventure! Sure to take you places you've yet to imagine, let Fiona's gold metal choker be your guide. This gold chain necklace features a short, thick metal chain with a large engraved portal pendant.&nbsp;<br><br>This item includes the storybook: ""The Cat Captain's Coffers""</p>",a47bec_92bc54cda8e5405483cbb808f8812432~mv2.png;a47bec_c60f91981ddd47d1aea91d5737459c50~mv2.png;a47bec_cc075b64cc374925b317c2b56f03c4e6~mv2.jpg;a47bec_d147e83b45f74142832840ff016e4ffb~mv2.png;a47bec_c215bd4ff1af49ae9afbd64a036e5f36~mv2.png,The Cat Captain's Coffers;Featured Slider,,,45.0,,True,PERCENT,0.0,0,,,Size,DROP_DOWN,"Human - 21"" Inches;Elven - 17"" Inches",,,,,,,,,,,,,,,,,,,,,,,,,,,,,,,,,,Fenclaw & Faund
product_10f31a0e-5583-df87-24ff-835fea0d1811,Variant,,,,,CCC14S,,,,True,,,32,,10.5,,,"Human - 21"" Inches",,,,,,,,,,,,,,,,,,,,,,,,,,,,,,,,,,
product_10f31a0e-5583-df87-24ff-835fea0d1811,Variant,,,,,CCC14L,,,,True,,,25,,10.5,,,"Elven - 17"" Inches",,,,,,,,,,,,,,,,,,,,,,,,,,,,,,,,,,
product_155de9c7-1185-26d1-c96d-63578e0b68f8,Product,Sailor Fiona's Kilt of Kazan,"<p>Hoist the sails and swab the deck in&nbsp;Sailor Fiona's Kilt of Kazan. Whether you’re travelling to an exotic land or meeting friends at your favorite bar,&nbsp; is a beautiful statement piece that transforms any outfit. This damask mini skirt is made of high quality chenille fabric. It’s cream and gold paisley print exudes luxury and adventure. This high-waisted mini skirt features a flat front and is pleated in the back. It is fastened by adjustable gold buckle closures at the waist. This mini kilt also comes with a detachable gold chain.<br><br>This item includes the storybook: ""The Cat Captain's Coffers""</p>",a47bec_7cde2c206a4e498b9d834d196810b4ff~mv2.png;a47bec_044ac15ada6f4db09a69a7d7fa960acb~mv2.png;a47bec_f24ad16a49aa4d7d8c180ed63d56e265~mv2.png;a47bec_e8d7e77e615f4b48aeb25d68faf71719~mv2.png;a47bec_ca6c147d4a1142dab368f3e321a15902~mv2.png;a47bec_d9ff3e53c1794c039d08536689e4856c~mv2.png;a47bec_6ff961251b8640aab2a731433dedefe6~mv2.jpg;a47bec_b03d2683179a4961bf5eb3ee6e319509;a47bec_7fa975d626a54cf3bec5e0741e37d45f~mv2.png,The Cat Captain's Coffers,,,150.0,,True,PERCENT,0.0,0,,,Size,DROP_DOWN,XS/S;S/M;M/L;L/XL,,,,,,,,,,,,,,,,PRODUCT DETAILS,"<p>100% Chenille&nbsp; / Dry Clean or Hand Wash in Cold Water / Hang to Dry</p>

<p>&nbsp;</p>

<p>FIT &amp; FEATURES</p>

<p><br>
/ Adjustable waist</p>

<p>/ Reinforced hem</p>

<p>/ High-waisted</p>

<p>/ Detachable chain detail&nbsp;</p>
",Size Chart,"<table>
	<tbody>
		<tr>
			<td>&nbsp;</td>
			<td>&nbsp;</td>
			<td>XS/S</td>
			<td>S/M</td>
			<td>M/L</td>
			<td>L/XL</td>
		</tr>
		<tr>
			<td>Waist</td>
			<td>&nbsp;</td>
			<td>24""-25""</td>
			<td>25""-27""</td>
			<td>27""-30""</td>
			<td>30""-32""</td>
		</tr>
		<tr>
			<td>Hip</td>
			<td>&nbsp;</td>
			<td>29""-31""</td>
			<td>31""-33""</td>
			<td>33""-36""</td>
			<td>36""-38""</td>
		</tr>
		<tr>
			<td>Length</td>
			<td>&nbsp;</td>
			<td>14.5""</td>
			<td>15""</td>
			<td>15.5""</td>
			<td>16""</td>
		</tr>
	</tbody>
</table>
",,,,,,,,,,,,,,,
product_155de9c7-1185-26d1-c96d-63578e0b68f8,Variant,,,,,CCC1S,,,,True,,,6,,71.1,,,S/M,,,,,,,,,,,,,,,,,,,,,,,,,,,,,,,,,,
product_155de9c7-1185-26d1-c96d-63578e0b68f8,Variant,,,,,CCC1XS,,,,True,,,4,,71.1,,,XS/S,,,,,,,,,,,,,,,,,,,,,,,,,,,,,,,,,,
product_155de9c7-1185-26d1-c96d-63578e0b68f8,Variant,,,,,CCC1M,,,,True,,,8,,71.1,,,M/L,,,,,,,,,,,,,,,,,,,,,,,,,,,,,,,,,,
product_155de9c7-1185-26d1-c96d-63578e0b68f8,Variant,,,,,CCC1L,,,,True,,,2,,71.1,,,L/XL,,,,,,,,,,,,,,,,,,,,,,,,,,,,,,,,,,
product_61bb0b75-861a-d084-f4f4-affb139c0d0d,Product,Sailor Fiona's Bridge Deck Bustier Top,"<p>Finish your rum before the captain sees!&nbsp;Enchant anyone you meet in Sailor Fiona's Bridge Deck Bustier Top. This corset top can be worn with or without the tiger print sleeves- increasing its versatility ten-fold. Made from high-quality chenille damask fabric, this crop tank top features a zip-back, adjustable straps with gold buckles and a lace-up front with large gold metal grommets. This cream corset and includes&nbsp;a matching choker.&nbsp;Lace up this pirate top with the gold chain it comes with or swap it out for a ribbon of your choice.&nbsp;<br><br>This item includes the storybook: ""The Cat Captain's Coffers""</p>",a47bec_c207417e419a4ad8928010e1bebd664e~mv2.png;a47bec_b2f58345555f4b5a81c8594a2892b25f~mv2.png;a47bec_f80aeeeca03a43179e35fab61f6d956a~mv2.png;a47bec_6591fdfbc0224f1bbedf7c6116a25bf7~mv2.png;a47bec_67ae08a51b094ed7b7075b6384171613~mv2.png;a47bec_ce5c81e4101642e8becb5d0e697749a4;a47bec_153f535eacf34f548a8246c2c58e489e~mv2.png,The Cat Captain's Coffers,,,135.0,,True,PERCENT,0.0,0,,,Size,DROP_DOWN,XS;S;M;L;XL,,,,,,,,,,,,,,,,Size Chart,"<table>
	<tbody>
		<tr>
			<td>&nbsp;</td>
			<td>&nbsp;</td>
			<td>XS</td>
			<td>S</td>
			<td>M</td>
			<td>L</td>
			<td>XL</td>
		</tr>
		<tr>
			<td>Bust</td>
			<td>&nbsp;</td>
			<td>29.5"" - 31""</td>
			<td>31.5""-33""</td>
			<td>33""-34.5""</td>
			<td>36.25""-38""</td>
			<td>40.5""-42""</td>
		</tr>
		<tr>
			<td>Waist</td>
			<td>&nbsp;</td>
			<td>25""-27""</td>
			<td>27.5""-28.5""</td>
			<td>29""-31""</td>
			<td>29""-31""</td>
			<td>35""-38""</td>
		</tr>
		<tr>
			<td>Length</td>
			<td>&nbsp;</td>
			<td>13""-14""</td>
			<td>13""-14""</td>
			<td>13.5""-14.5""</td>
			<td>16""-17""</td>
			<td>16""-17""</td>
		</tr>
	</tbody>
</table>
",,,,,,,,,,,,,,,,,
product_61bb0b75-861a-d084-f4f4-affb139c0d0d,Variant,,,,,CCC7XL,,,,True,,,4,,,,,XL,,,,,,,,,,,,,,,,,,,,,,,,,,,,,,,,,,
product_61bb0b75-861a-d084-f4f4-affb139c0d0d,Variant,,,,,CCC7XS,,,,True,,,3,,,,,XS,,,,,,,,,,,,,,,,,,,,,,,,,,,,,,,,,,
product_61bb0b75-861a-d084-f4f4-affb139c0d0d,Variant,,,,,CCC7M,,,,True,,,4,,,,,M,,,,,,,,,,,,,,,,,,,,,,,,,,,,,,,,,,
product_61bb0b75-861a-d084-f4f4-affb139c0d0d,Variant,,,,,CCC7L,,,,True,,,5,,,,,L,,,,,,,,,,,,,,,,,,,,,,,,,,,,,,,,,,
product_61bb0b75-861a-d084-f4f4-affb139c0d0d,Variant,,,,,CCC7S,,,,True,,,4,,,,,S,,,,,,,,,,,,,,,,,,,,,,,,,,,,,,,,,,
product_535fbda8-f9bd-7861-251c-1cf426b3a79b,Product,Captain Fenclaw's Tiger Button Down -  Elven Cut,"<p>Storm the shores&nbsp;in&nbsp;Captain Fenclaw's Tiger Button Down. This men's button&nbsp;down shirt is the purrrfect everyday luxury. &nbsp;Featuring gold metal buttons and a slim-tailored fit, this shirt will awaken the fur-midable swashbuckler&nbsp;within. Pair this tiger print shirt with our Topsail Trousers, Palazzo Pants or Kilt of Kazan.&nbsp; &nbsp;</p><p>&nbsp;</p><p>The Elven Cut is our&nbsp;equivalent to your world's ""Slim Fit"" or ""Slim Cut."" We reccomend this cut for slender men who have broad shoulders and a slim waist. This shirt is cut much smaller around the waist than our Human Cut, giving it a sleek, tailored look.&nbsp;<br><br>This item includes the storybook: ""The Cat Captain's Coffers""</p>",a47bec_e7f4b8e9875c4d8197d24f9994ddf6aa~mv2.jpg;a47bec_7ebae93447a040d7bc40aec777fda558~mv2.png;a47bec_49c4bfdcdc3447048aa633ec3709f4a2~mv2.png;a47bec_4d7b2b72598f4603a76206d5bfdb64af~mv2.png;a47bec_6d72ce7953fc489ebbce542f251372f8~mv2.jpg;a47bec_5caa6e8859714eff8bb226d0a381109f,The Cat Captain's Coffers,,,98.0,,True,PERCENT,0.0,0,,,Size,DROP_DOWN,S;M;L;XL,,,,,,,,,,,,,,,,PRODUCT DETAILS,"<p>/98% Poly-Silk 2% Spandex</p>

<p>/ 2-way stretch</p>

<p>/ 7 Gold Portal&nbsp;buttons</p>

<p>/ Gold metallic cuffs</p>

<p>/ 2 Button&nbsp;</p>

<p>&nbsp;</p>
",Size Chart,"<table>
	<tbody>
		<tr>
			<td>
			<p>Elven Cut Shirt Sizes</p>

			<p>All Measurements in Cm</p>

			<p>&nbsp;</p>

			<table>
				<tbody>
					<tr>
						<td>SIZE:</td>
						<td>S</td>
						<td>M</td>
						<td>L</td>
						<td>XL</td>
					</tr>
					<tr>
						<td>Chest</td>
						<td>50.5</td>
						<td>55</td>
						<td>57</td>
						<td>59</td>
					</tr>
					<tr>
						<td>Waist</td>
						<td>44</td>
						<td>47.5</td>
						<td>49.5</td>
						<td>52</td>
					</tr>
					<tr>
						<td>Collar</td>
						<td>40</td>
						<td>42</td>
						<td>43</td>
						<td>43.5</td>
					</tr>
					<tr>
						<td>Base</td>
						<td>49</td>
						<td>52.5</td>
						<td>55.5</td>
						<td>58</td>
					</tr>
					<tr>
						<td>Shoulder</td>
						<td>43.5</td>
						<td>45.5</td>
						<td>46</td>
						<td>48</td>
					</tr>
					<tr>
						<td>Length</td>
						<td>74</td>
						<td>76.5</td>
						<td>78</td>
						<td>78.5</td>
					</tr>
					<tr>
						<td>Sleeve</td>
						<td>84</td>
						<td>86.5</td>
						<td>89</td>
						<td>90.5</td>
					</tr>
					<tr>
						<td>Bicep</td>
						<td>19</td>
						<td>19.5</td>
						<td>20</td>
						<td>21</td>
					</tr>
					<tr>
						<td>Cuff</td>
						<td>21</td>
						<td>22</td>
						<td>23.5</td>
						<td>24</td>
					</tr>
				</tbody>
			</table>
			</td>
		</tr>
	</tbody>
</table>

<p>&nbsp;</p>

<p>&nbsp;</p>
",,,,,,,,,,,,,,,
product_535fbda8-f9bd-7861-251c-1cf426b3a79b,Variant,,,,,CCC9XL,,,,True,,,6,,93.76,,,XL,,,,,,,,,,,,,,,,,,,,,,,,,,,,,,,,,,
product_535fbda8-f9bd-7861-251c-1cf426b3a79b,Variant,,,,,CCC9L,,,,True,,,8,,93.76,,,L,,,,,,,,,,,,,,,,,,,,,,,,,,,,,,,,,,
product_535fbda8-f9bd-7861-251c-1cf426b3a79b,Variant,,,,,CCC9M,,,,True,,,0,,93.76,,,M,,,,,,,,,,,,,,,,,,,,,,,,,,,,,,,,,,
product_535fbda8-f9bd-7861-251c-1cf426b3a79b,Variant,,,,,CCC9S,,,,True,,,4,,93.76,,,S,,,,,,,,,,,,,,,,,,,,,,,,,,,,,,,,,,
product_df5b8810-9e05-fa93-405a-2137b8801bbe,Product,Swordfish Sailor's Topsail Trousers,<p>Get ready to sail the high seas in our Swordfish Sailor's Topsail Trousers. These men's pants are cut like a traditional straight leg jean&nbsp;but are made out of high-quality chenille fabric. These cream and gold pirate inspired pants feature two front and&nbsp;back pockets with a zipper and gold metal jean button closure with exclusive portal design. Pair them with our Tiger Button Down for a fantastic&nbsp;ensemble.</p>,a47bec_141e9465c66345378f5eb3364fd52873~mv2.png;a47bec_1ed375336f0242ed8672c22fabc7df62~mv2.png;a47bec_7cf9de77dd934ce0b68350f5d2956c46~mv2.png;a47bec_3e2b50350dc84bcbb257ca4ac6d717f8~mv2.png;a47bec_d10578c066714073a5c3df1c6ae370bb~mv2.png;a47bec_bad66e69c64b4d88a7018647adf33fba~mv2.jpg;a47bec_ce57fffbf7f64100a55713a99dc674cb;a47bec_9a8351d2fc6f45c5ba23891e3c6ce1fe~mv2.png,The Cat Captain's Coffers,,,150.0,,True,PERCENT,0.0,0,,,Size,DROP_DOWN,28;30;32;34;36;38;40,,,,,,,,,,,,,,,,Size Chart,"<p>&nbsp;</p>

<p>All Measurements in CM</p>

<table>
	<tbody>
		<tr>
			<td>SIZE:</td>
			<td>28</td>
			<td>30</td>
			<td>32</td>
			<td>34</td>
			<td>36</td>
			<td>38</td>
		</tr>
		<tr>
			<td>Waist, Relaxed</td>
			<td>74</td>
			<td>78</td>
			<td>83</td>
			<td>88</td>
			<td>93</td>
			<td>98</td>
		</tr>
		<tr>
			<td>Waist, Stretched</td>
			<td>74</td>
			<td>78</td>
			<td>83</td>
			<td>88</td>
			<td>93</td>
			<td>98</td>
		</tr>
		<tr>
			<td>Seat, at Fly Btm.</td>
			<td>99</td>
			<td>101</td>
			<td>104</td>
			<td>107</td>
			<td>112</td>
			<td>117</td>
		</tr>
		<tr>
			<td>Thigh, at Crotch</td>
			<td>27</td>
			<td>28</td>
			<td>29</td>
			<td>30.5</td>
			<td>32.5</td>
			<td>35</td>
		</tr>
		<tr>
			<td>Ankle</td>
			<td>18.5</td>
			<td>19</td>
			<td>19.5</td>
			<td>20.5</td>
			<td>21</td>
			<td>22</td>
		</tr>
		<tr>
			<td>Inseam</td>
			<td>80</td>
			<td>81</td>
			<td>81</td>
			<td>81</td>
			<td>81</td>
			<td>81</td>
		</tr>
	</tbody>
</table>
",,,,,,,,,,,,,,,,,
product_df5b8810-9e05-fa93-405a-2137b8801bbe,Variant,,,,,CCC338,,,,True,,,1,,,,,38,,,,,,,,,,,,,,,,,,,,,,,,,,,,,,,,,,
product_df5b8810-9e05-fa93-405a-2137b8801bbe,Variant,,,,,CCC328,,,,True,,,6,,,,,28,,,,,,,,,,,,,,,,,,,,,,,,,,,,,,,,,,
product_df5b8810-9e05-fa93-405a-2137b8801bbe,Variant,,,,,CCC336,,,,True,,,5,,,,,36,,,,,,,,,,,,,,,,,,,,,,,,,,,,,,,,,,
product_df5b8810-9e05-fa93-405a-2137b8801bbe,Variant,,,,,CCC330,,,,True,,,4,,,,,30,,,,,,,,,,,,,,,,,,,,,,,,,,,,,,,,,,
product_df5b8810-9e05-fa93-405a-2137b8801bbe,Variant,,,,,CCC340,,,,True,,,3,,,,,40,,,,,,,,,,,,,,,,,,,,,,,,,,,,,,,,,,
product_df5b8810-9e05-fa93-405a-2137b8801bbe,Variant,,,,,CCC332,,,,True,,,4,,,,,32,,,,,,,,,,,,,,,,,,,,,,,,,,,,,,,,,,
product_df5b8810-9e05-fa93-405a-2137b8801bbe,Variant,,,,,CCC334,,,,True,,,4,,,,,34,,,,,,,,,,,,,,,,,,,,,,,,,,,,,,,,,,
product_bd175a75-8420-22c7-bf41-24a032ffdfa6,Product,Swordfish Sailor's Overcoat,"<p>These seas are rough and these nights are cold. Ye best be wearin'&nbsp;Swordfish Sailor's Overcoat.&nbsp;This cream and gold damask pirate coat is made of high quality chenille fabric, sure to protect you from the elements and impress even your worst enemies. Fitted with decorative gold buttons on either side, this standard issue tail coat is worn open in the front. With 4 panels and a mandarin collar, the coat was created for the sailor with passion in their veins and adventure in their heart.<br><br>This item includes the storybook: ""The Cat Captain's Coffers""</p>",a47bec_45baa93e41c3404abaab94d695472c18~mv2.png;a47bec_520173c607d64a75bd47e7d6c1afe58d~mv2.png;a47bec_2f4383586e4f434cb186d9d3bd5ae37e~mv2.png;a47bec_41e1cc3a10e04bbbbed6708a1aa1f9ce~mv2.png;a47bec_323ce7107fbd4efebda75c048d475354~mv2.jpg;a47bec_540284ec3dd043ec9c531aca6663515d~mv2.jpg;a47bec_0a8a56021bdc4a3d883a4cec43fca861~mv2.png;a47bec_7659787fb5cf4a1dbade72fef8ed3fe0~mv2.png;a47bec_ef54d2ce164e4687a3855859b085dad3;a47bec_9d3d5ff97fca48dcbcc0c4b0bc70dd56~mv2.png,The Cat Captain's Coffers,,,380.0,,True,PERCENT,0.0,0,,,Size,DROP_DOWN,XS;S;M;L;XL;2XL;3XL,,,,,,,,,,,,,,,,,,,,,,,,,,,,,,,,,,
product_bd175a75-8420-22c7-bf41-24a032ffdfa6,Variant,,,,,CCC5L,,,,True,,,2,,,,,L,,,,,,,,,,,,,,,,,,,,,,,,,,,,,,,,,,
product_bd175a75-8420-22c7-bf41-24a032ffdfa6,Variant,,,,,CCC5XS,,,,True,,,2,,,,,XS,,,,,,,,,,,,,,,,,,,,,,,,,,,,,,,,,,
product_bd175a75-8420-22c7-bf41-24a032ffdfa6,Variant,,,,,CCC5XL,,,,True,,,3,,,,,XL,,,,,,,,,,,,,,,,,,,,,,,,,,,,,,,,,,
product_bd175a75-8420-22c7-bf41-24a032ffdfa6,Variant,,,,,CCC5M,,,,True,,,3,,,,,M,,,,,,,,,,,,,,,,,,,,,,,,,,,,,,,,,,
product_bd175a75-8420-22c7-bf41-24a032ffdfa6,Variant,,,,,CCC53XL,,,,True,,,0,,,,,3XL,,,,,,,,,,,,,,,,,,,,,,,,,,,,,,,,,,
product_bd175a75-8420-22c7-bf41-24a032ffdfa6,Variant,,,,,CCC5S,,,,True,,,0,,,,,S,,,,,,,,,,,,,,,,,,,,,,,,,,,,,,,,,,
product_bd175a75-8420-22c7-bf41-24a032ffdfa6,Variant,,,,,CCC52XL,,,,True,,,2,,,,,2XL,,,,,,,,,,,,,,,,,,,,,,,,,,,,,,,,,,
product_708b73a2-f97f-a265-8d13-93127796c04a,Product,Oil of The Urchin's Kiss,"<p>""Explorers beware the Urchin's Kiss.</p><p>Many a night, there is something amiss.</p><p>Stay awhile, stay forever.""</p><p>Beautifully intoxicating, the Oil of the Urchin's Kiss captures the essense of the eerie sea-side tavern for which it was named. This magical perfume oil includes a blend of rich, dark patchouli and floral damascus rose. Everyone will know your presence when you enter the room wearing this enchanting scent. Suitable for all genders and creatures alike, it smells slightly different on each individual.<br><br>This item includes the storybook: ""The Cat Captain's Coffers""</p><p>&nbsp;</p>",a47bec_15819e65820e486e8ffb9537a5681376~mv2.jpg;a47bec_f0291f7f72c243e0bdc78a72284097a1~mv2.png;a47bec_a6bafcc63435453787103b7914dc5a01~mv2.jpg,The Cat Captain's Coffers;Featured Slider,OILUK,,35.0,,True,PERCENT,0.0,48,,,,,,,,,,,,,,,,,,,,,,,,,,,,,,,,,,,,,,,
product_3d2c5a0d-b22f-d650-acb9-68124e154225,Product,The Storyteller’s Guild Silk Button Down,"<p>""Truth be told,<br>How many truths<br>Can be sold,<br>For a few gold pieces.""<br>&nbsp;</p><p>Regale the crowd with tales of fancy, fiction and fantasy. This shirt, indeed, holds a story of its own. Made from the finest woven silk, this orange and turquoise button down shirt is iridescent and changes colors as you move. Featuring bronze metal buttons with a meander motif and gilded gold paisley cuffs, this patterned long sleeve shirt is sure to make a lasting impression on those you amuse. Enthrall everyone you meet with The Storyteller’s Guild Silk Button Down.</p><p>Read the story of the <a href=""https://www.fenclawandfaund.com/merchants-of-adaween-fantasy-story"" target=""_blank"">Merchant's of Adaween</a>.</p>",a47bec_63e90d029a804df491e22569cee798e4~mv2.jpg;a47bec_40695a00f433454287db4f6ad440063b~mv2.jpg;a47bec_4f49eb8995114b2f9ceda665d62611ce~mv2.jpg;a47bec_04297bef75be4502acb0a40eeb03ad56~mv2.jpg;a47bec_50b18960af7446eeaf3c658181ba8048,The Merchants of Adaween,,,98.0,,True,PERCENT,0.0,0,,,Size,DROP_DOWN,Extra Large;Large;Medium;Small,,,,,,,,,,,,,,,,PRODUCT DETAILS,"<p>100% Silk &nbsp;/ Dry Clean or Hand Wash in Cold Water / Hang to Dry</p>

<p>*These shirts are limited edition. Only a few were created in each size.</p>

<p>&nbsp;</p>

<p>FIT &amp; FEATURES</p>

<p>/ Slim tailored fit– size up for a roomier feel&nbsp;<br>
/ Button down collar&nbsp;<br>
/ 7 button closure&nbsp;<br>
/ 2 button cuffs<br>
/ Woven silk fabric&nbsp;<br>
/ Anti-wrinkle<br>
/ Metal buttons<br>
/ Curved hem&nbsp;</p>
",,,,,,,,,,,,,,,,,
product_3d2c5a0d-b22f-d650-acb9-68124e154225,Variant,,,,,MOA5XL,,,,True,,,0,,,,,Extra Large,,,,,,,,,,,,,,,,,,,,,,,,,,,,,,,,,,
product_3d2c5a0d-b22f-d650-acb9-68124e154225,Variant,,,,,MOA5L,,,,True,,,0,,,,,Large,,,,,,,,,,,,,,,,,,,,,,,,,,,,,,,,,,
product_3d2c5a0d-b22f-d650-acb9-68124e154225,Variant,,,,,MOA5M,,,,True,,,0,,,,,Medium,,,,,,,,,,,,,,,,,,,,,,,,,,,,,,,,,,
product_3d2c5a0d-b22f-d650-acb9-68124e154225,Variant,,,,,MOA5S,,,,True,,,0,,,,,Small,,,,,,,,,,,,,,,,,,,,,,,,,,,,,,,,,,
product_79c56f9f-699e-8a6a-b881-a593b5cc90ec,Product,The Jeweler's Guild Silk Button Down,"<p>""From mines to Kings,<br>For lovers and dreams,<br>We set the stones,<br>That all will see.""</p><p>&nbsp;</p><p>A master of both skill and finery, the Jeweler’s of Adaween create luxury from stone and dust. This purple and blue woven button down shirt is the statement piece you’ve been searching for. Made of iridescent silk material, this shirt shines and changes color as you move. Featuring gold metal buttons and gilded gold paisley cuffs, this shirt’s magical sheen can be seen from across the room. Engrave your presence wherever you go with The Jeweler’s Guild Silk Button Down.</p><p>&nbsp;</p><p>Read the story of the <a href=""https://www.fenclawandfaund.com/merchants-of-adaween-fantasy-story"" target=""_blank"">Merchant's of Adaween</a>.</p>",a47bec_b1bb592bc1d04ecbb3f99c512e63a6e8~mv2.jpg;a47bec_676868089a1c43daa25bd04c3b52c81b~mv2.jpg;a47bec_ef4648a0341f4848bfc571742c527bc5~mv2.jpg;a47bec_54870c0ef3d04f6d9e9184dace447716~mv2.jpg,The Merchants of Adaween,,,135.0,,False,PERCENT,0.0,0,,,Size,DROP_DOWN,Extra Large;Large;Medium;Small,,,,,,,,,,,,,,,,PRODUCT DETAILS,"<p>100% Silk&nbsp; / Dry Clean or Hand Wash in Cold Water / Hang to Dry</p>

<p>*These shirts are limited edition. Only a few were created in each size.</p>

<p>FIT &amp; FEATURES&nbsp;</p>

<p>/ Slim tailored fit– size up for a roomier feel&nbsp;<br>
/ Button down collar&nbsp;<br>
/ 7 button closure&nbsp;<br>
/ 2 button cuffs<br>
/ Woven silk<br>
/ Anti-wrinkle<br>
/ Metal buttons<br>
/ Curved hem&nbsp;</p>
",,,,,,,,,,,,,,,,,
product_79c56f9f-699e-8a6a-b881-a593b5cc90ec,Variant,,,,,MOA3XL,,,,True,,,0,,,,,Extra Large,,,,,,,,,,,,,,,,,,,,,,,,,,,,,,,,,,
product_79c56f9f-699e-8a6a-b881-a593b5cc90ec,Variant,,,,,MOA3L,,,,True,,,0,,,,,Large,,,,,,,,,,,,,,,,,,,,,,,,,,,,,,,,,,
product_79c56f9f-699e-8a6a-b881-a593b5cc90ec,Variant,,,,,MOA3M,,,,True,,,0,,,,,Medium,,,,,,,,,,,,,,,,,,,,,,,,,,,,,,,,,,
product_79c56f9f-699e-8a6a-b881-a593b5cc90ec,Variant,,,,,MOA3S,,,,True,,,0,,,,,Small,,,,,,,,,,,,,,,,,,,,,,,,,,,,,,,,,,
product_847eeb98-84d9-9a8d-a42a-5c5952bc587b,Product,The Vintner's Guild Silk Button Down,"<p>""Uncork the world,&nbsp;<br>And have your fill.<br>We’ll drain the cask.<br>No one likes an empty glass.""</p><p>&nbsp;</p><p>Maker of wine and thus merriment, the Vintner is both creator and purveyor of bacchanalia. The wearer of this deep purple and teal button down shirt is sure to be the centerpiece of any party. Made of iridescent silk material, this shirt shines and changes color as you move. Featuring gold metal buttons and gilded gold paisley cuffs, this shirt is the pinnacle of luxury. &nbsp;Enjoy the fruits of your labor in The Vintner’s Guild Silk Button Down.</p><p>&nbsp;</p><p>Read the story of the <a href=""https://www.fenclawandfaund.com/merchants-of-adaween-fantasy-story"" target=""_blank"">Merchant's of Adaween</a>.</p>",a47bec_a58cab84d0154d7c8d18984611140c69~mv2.jpg;a47bec_7317803187be4b96bb0fb6f5693d5625~mv2.jpg;a47bec_a7e47b5ab1044e31a84b29aaa94cadab~mv2.jpg;a47bec_5261f170c6c542f888f9b936640a65e4~mv2.jpg,The Merchants of Adaween,,,135.0,,False,PERCENT,0.0,0,,,Size,DROP_DOWN,Small;Medium;Large;Extra Large,,,,,,,,,,,,,,,,PRODUCT DETAILS,"<p>100% Silk &nbsp;/ Dry Clean or Hand Wash in Cold Water / Hang to Dry</p>

<p>*These shirts are limited edition. Only a few were created in each size.</p>

<p>FIT &amp; FEATURES</p>

<p>/ Slim tailored fit– size up for a roomier feel&nbsp;<br>
/ Button down collar&nbsp;<br>
/ 7 button closure&nbsp;<br>
/ 2 button cuffs<br>
/ Woven silk fabric<br>
/ Anti-wrinkle<br>
/ Metal buttons<br>
/ Curved hem&nbsp;</p>
",,,,,,,,,,,,,,,,,
product_847eeb98-84d9-9a8d-a42a-5c5952bc587b,Variant,,,,,MOA4S1,,,,True,,,0,,,,,Small,,,,,,,,,,,,,,,,,,,,,,,,,,,,,,,,,,
product_847eeb98-84d9-9a8d-a42a-5c5952bc587b,Variant,,,,,MOA4M,,,,True,,,0,,,,,Medium,,,,,,,,,,,,,,,,,,,,,,,,,,,,,,,,,,
product_847eeb98-84d9-9a8d-a42a-5c5952bc587b,Variant,,,,,MOA4L,,,,True,,,0,,,,,Large,,,,,,,,,,,,,,,,,,,,,,,,,,,,,,,,,,
product_847eeb98-84d9-9a8d-a42a-5c5952bc587b,Variant,,,,,MOA4XL,,,,True,,,0,,,,,Extra Large,,,,,,,,,,,,,,,,,,,,,,,,,,,,,,,,,,
product_4315748f-edb1-ac5c-bd62-2b1c00826123,Product,The Royal Herbalist's Batik Long Sleeve Shirt,"<p>""Flame grass, Paiya leaves,<br>Corilian petals, and Guava trees.<br>Grind the gifts of the jungle,<br>Into Useful remedies.""</p><p>&nbsp;</p><p>While gathering spices and herbs, the Royal Herbalist is always concocting tinctures and elixirs in their mind. Majestic plants climb up and down this shirt with leaves and flowers of fuschia, purple and green, all outlined in metallic gold. Featuring hand-carved seashell buttons and floral mosaic cuffs, the details are what make this button down shirt stand out. Forage for your finest moments in the Royal Herbalist Batik Button Down.&nbsp;</p><p>&nbsp;</p><p>Read the story of the <a href=""https://www.fenclawandfaund.com/merchants-of-adaween-fantasy-story"" target=""_blank"">Merchant's of Adaween</a>.</p>",a47bec_9b9c1135bd0b4273821218e1eec2c2d9~mv2.jpg;a47bec_ef9f0ff5e7024978a438e623b1b59c7c~mv2.jpg;a47bec_4f52fce763684ee69b7ca0020c87dd50~mv2.jpg;a47bec_7d737bb278a34d1fb135411717eb7338~mv2.jpg,The Merchants of Adaween,,,98.0,,True,PERCENT,0.0,0,,,Size,DROP_DOWN,Extra Large;Large;Medium;Small,,,,,,,,,,,,,,,,PRODUCT DETAILS,"<p>100% Silk Cotton Batik &nbsp;/ Dry Clean or Hand Wash in Cold Water / Hang to Dry</p>

<p>*These shirts are limited edition. Only a few were created in each size</p>

<p>FIT &amp; FEATURES</p>

<p>/ Slim tailored fit– size up for a roomier feel&nbsp;<br>
/ Button down collar&nbsp;<br>
/ 7 button closure&nbsp;<br>
/ 2 button cuffs<br>
/ Batik fabric&nbsp;<br>
/ Anti-wrinkle<br>
/ Hand-carved sea shell buttons&nbsp;<br>
/ Curved hem&nbsp;</p>
",,,,,,,,,,,,,,,,,
product_4315748f-edb1-ac5c-bd62-2b1c00826123,Variant,,,,,MOA1XL,,,,True,,,1,,,,,Extra Large,,,,,,,,,,,,,,,,,,,,,,,,,,,,,,,,,,
product_4315748f-edb1-ac5c-bd62-2b1c00826123,Variant,,,,,MOA1L,,,,True,,,0,,,,,Large,,,,,,,,,,,,,,,,,,,,,,,,,,,,,,,,,,
product_4315748f-edb1-ac5c-bd62-2b1c00826123,Variant,,,,,MOA1M,,,,True,,,1,,,,,Medium,,,,,,,,,,,,,,,,,,,,,,,,,,,,,,,,,,
product_4315748f-edb1-ac5c-bd62-2b1c00826123,Variant,,,,,MOA1S,,,,True,,,2,,,,,Small,,,,,,,,,,,,,,,,,,,,,,,,,,,,,,,,,,
product_67333914-e115-068f-373e-790d3f630a5d,Product,The Puzzle Maker's Batik Long Sleeve Shirt,"<p>""I have 100 eyes but only see from 2<br>I’m sometimes brown and sometimes blue<br>A sacred dance that all can see,<br>I’ll leave a mark; impressively.""</p><p dir=""rtl"">&nbsp;</p><p>Carving wooden trinkets aboard The Hibiscus Vessel is an intricate and exciting process for the Puzzle Maker. This geometric button down shirt is made from the finest batik fabric procured from the islands. Whether you’re called to wear this rainbow shirt buttoned all the way up to the collar or open and free-flowing, it’s sure to open up discussion wherever you go. This long sleeve shirt features hand-made black and white shell buttons and a subtle metallic sheen. Create or solve a mystery of your own in our Puzzle Maker Batik Button Down.&nbsp;</p><p>&nbsp;</p><p>Read the story of the <a href=""https://www.fenclawandfaund.com/merchants-of-adaween-fantasy-story"" target=""_blank"">Merchant's of Adaween</a>.</p>",a47bec_ed37e6a00e1340b1a760912449860148~mv2.jpg;a47bec_12acdc081c6f495e847354ae98bf2855~mv2.jpg;a47bec_e5899093b63a43bfbff14e796ed4bbc8~mv2.jpg;a47bec_577f049604c243cc9cb1ca8827017f13~mv2.jpg,The Merchants of Adaween,,,98.0,,True,PERCENT,0.0,0,,,Size,DROP_DOWN,Extra Large;Large;Medium;Small,,,,,,,,,,,,,,,,PRODUCT DETAILS,"<p>100% Silk Cotton Batik &nbsp;/ Dry Clean or Hand Wash in Cold Water / Hang to Dry</p>

<p>*These shirts are limited edition. Only a few were created in each size.</p>

<p>FIT &amp; FEATURES</p>

<p>/ Slim tailored fit– size up for a roomier feel&nbsp;<br>
/ Button down collar&nbsp;<br>
/ 7 button closure&nbsp;<br>
/ 2 button cuffs<br>
/ Batik fabric&nbsp;<br>
/ Anti-wrinkle<br>
/ Hand-carved sea shell buttons&nbsp;<br>
/ Curved hem&nbsp;</p>
",,,,,,,,,,,,,,,,,
product_67333914-e115-068f-373e-790d3f630a5d,Variant,,,,,MOA2XL,,,,True,,,0,,,,,Extra Large,,,,,,,,,,,,,,,,,,,,,,,,,,,,,,,,,,
product_67333914-e115-068f-373e-790d3f630a5d,Variant,,,,,MOA2L,,,,True,,,1,,,,,Large,,,,,,,,,,,,,,,,,,,,,,,,,,,,,,,,,,
product_67333914-e115-068f-373e-790d3f630a5d,Variant,,,,,MOA2M,,,,True,,,2,,,,,Medium,,,,,,,,,,,,,,,,,,,,,,,,,,,,,,,,,,
product_67333914-e115-068f-373e-790d3f630a5d,Variant,,,,,MOA2S,,,,True,,,2,,,,,Small,,,,,,,,,,,,,,,,,,,,,,,,,,,,,,,,,,
product_88146deb-61e9-1766-ecbc-0efc2bc09532,Product,The Crewman's Collar,"<p>Be the talk of the Swordfish in&nbsp;The Crewman's Collar. This cream and gold woven fabric choker has an adjustable closure with gold snaps. If you're looking to add a dash of flair to your uniform, this choker will fit like a starfish in a tidepool.&nbsp;</p>",,The Cat Captain's Coffers,,,50.0,,False,PERCENT,0.0,OutOfStock,,,,,,,,,,,,,,,,,,,,,,,,,,,,,,,,,,,,,,,
product_01464e1f-94fc-8cf7-ba10-5d7090245302,Product,Fiona Faund's Tiger Palazzo Pants,"<p>Seize the meow-ment in Fiona Faund’s Tiger Palazzo Pants. These dramatic, high-waisted wide leg pants are purrrfect for your portside pub crawls. These silky pants feature a sexy gold exposed zipper with dangling portal charm. Versatile and silky, these tiger pants have just enough stretch for a night on the town or a dangerous escape...or BOTH!<br><br>This item includes the storybook: ""The Cat Captain's Coffers""</p>",a47bec_66541c57d09343ccaa8fb47662948089~mv2.png;a47bec_48e2ad43df2147deb04629ccbf218617~mv2.png;a47bec_4b5fdc4028d04df08dd24768548c2d5a~mv2.png;a47bec_16d8aefd28154421804838de395c0b14~mv2.png;a47bec_6b541ff05f004106843ad110af7a85f3~mv2.png;a47bec_332cc2f58f584c0eb44dcc3557540370~mv2.png;a47bec_2cec56cc1528401586b7d44b3e61a7d4,The Cat Captain's Coffers,,,135.0,,True,PERCENT,0.0,0,,,Size,DROP_DOWN,XS;S;M;L;XL,,,,,,,,,,,,,,,,PRODUCT DETAILS,"<p>98% Poly Silk 2% Spandex&nbsp;&nbsp;/ Dry Clean or Hand Wash in Cold Water / Hang to Dry</p>

<p>FIT &amp; FEATURES</p>

<p>/ High-waisted<br>
/ Tiger print<br>
/Wide leg<br>
/ Hanging portal charm from zipper</p>
",Size Chart,"<p>&nbsp;</p>

<p>All Measurements in CM</p>

<table>
	<tbody>
		<tr>
			<td>
			<table>
				<tbody>
					<tr>
						<td>SIZE:</td>
						<td>XS</td>
						<td>S</td>
						<td>M</td>
						<td>L</td>
						<td>XL</td>
					</tr>
					<tr>
						<td>Waist, Relaxed</td>
						<td>29</td>
						<td>31.5</td>
						<td>34</td>
						<td>38</td>
						<td>40</td>
					</tr>
					<tr>
						<td>Waist, Stretched</td>
						<td>31</td>
						<td>34</td>
						<td>36.5</td>
						<td>40.5</td>
						<td>42</td>
					</tr>
					<tr>
						<td>Seat, at Fly Btm.</td>
						<td>43.5</td>
						<td>45</td>
						<td>46.5</td>
						<td>49</td>
						<td>52.5</td>
					</tr>
					<tr>
						<td>Inseam</td>
						<td>69</td>
						<td>69</td>
						<td>69</td>
						<td>70</td>
						<td>70</td>
					</tr>
				</tbody>
			</table>
			</td>
		</tr>
	</tbody>
</table>

<p>&nbsp;</p>
",,,,,,,,,,,,,,,Fenclaw & Faund
product_01464e1f-94fc-8cf7-ba10-5d7090245302,Variant,,,,,CCC11M,,,,True,,,3,,65.89,,,M,,,,,,,,,,,,,,,,,,,,,,,,,,,,,,,,,,
product_01464e1f-94fc-8cf7-ba10-5d7090245302,Variant,,,,,CCC11L,,,,True,,,3,,65.89,,,L,,,,,,,,,,,,,,,,,,,,,,,,,,,,,,,,,,
product_01464e1f-94fc-8cf7-ba10-5d7090245302,Variant,,,,,CCC11XL,,,,True,,,3,,65.89,,,XL,,,,,,,,,,,,,,,,,,,,,,,,,,,,,,,,,,
product_01464e1f-94fc-8cf7-ba10-5d7090245302,Variant,,,,,CCC11XS,,,,True,,,6,,65.89,,,XS,,,,,,,,,,,,,,,,,,,,,,,,,,,,,,,,,,
product_01464e1f-94fc-8cf7-ba10-5d7090245302,Variant,,,,,CCC11S,,,,True,,,3,,65.89,,,S,,,,,,,,,,,,,,,,,,,,,,,,,,,,,,,,,,
product_2554350c-bc52-d655-a2bc-9ee82cc4ae59,Product,Commander Fiona's Kilt of Kazan,"<p>Take charge with Fiona as she grows in the ranks!&nbsp;Commander Fiona's Kilt of Kazan features the captain's signature colors of red and gold.&nbsp;Whether you’re travelling to an exotic land or leading friends to your favorite bar, this kilt is a beautiful statement piece that transforms any outfit. This damask mini skirt is made of high quality chenille fabric. It’s red and gold paisley print exudes luxury and adventure. This high-waisted mini skirt features a flat front and is pleated in the back. It is fastened by adjustable gold buckle closures at the waist. This mini kilt also comes with a detachable gold chain. &nbsp;<br><br>This item includes the storybook: ""The Cat Captain's Coffers""</p>",a47bec_a2c9aae9551d4a1196dbcebae9349fee~mv2.png;a47bec_db52eba0dcd34dc192cc0835ffc35600~mv2.png;a47bec_972c35d8fd4945b083a0c7d88c727b31~mv2.png;a47bec_15828131feb143cfa78a427fd0935794~mv2.png;a47bec_5812c57eb3e140e397af75ca7e38b76c~mv2.png;a47bec_2a541fe16c8f41eeb911c05293655fd0~mv2.png;a47bec_ee4f6b94d48e4c27aeac5698b95cdbfe~mv2.png;a47bec_ab0a411073cb47ecaecc04bf2b387509;a47bec_042a2d7402fd433fbdb23ebb7d510ebb~mv2.png,The Cat Captain's Coffers,,,150.0,,True,PERCENT,0.0,0,,,Size,DROP_DOWN,XS/S;S/M;M/L;L/XL,,,,,,,,,,,,,,,,PRODUCT DETAILS,"<p>100% Chenille&nbsp; / Dry Clean or Hand Wash in Cold Water / Hang to Dry</p>

<p>&nbsp;</p>

<p>FIT &amp; FEATURES</p>

<p><br>
/ Adjustable waist</p>

<p>/ Reinforced hem</p>

<p>/ High-waisted</p>

<p>/ Detachable chain detail&nbsp;</p>
",Size Chart,"<table>
	<tbody>
		<tr>
			<td>&nbsp;</td>
			<td>&nbsp;</td>
			<td>XS/S</td>
			<td>S/M</td>
			<td>M/L</td>
			<td>L/XL</td>
		</tr>
		<tr>
			<td>Waist</td>
			<td>&nbsp;</td>
			<td>24""-25""</td>
			<td>25""-27""</td>
			<td>27""-30""</td>
			<td>30""-32""</td>
		</tr>
		<tr>
			<td>Hip</td>
			<td>&nbsp;</td>
			<td>29""-31""</td>
			<td>31""-33""</td>
			<td>33""-36""</td>
			<td>36""-38""</td>
		</tr>
		<tr>
			<td>Length</td>
			<td>&nbsp;</td>
			<td>14.5""</td>
			<td>15""</td>
			<td>15.5""</td>
			<td>16""</td>
		</tr>
	</tbody>
</table>
",,,,,,,,,,,,,,,
product_2554350c-bc52-d655-a2bc-9ee82cc4ae59,Variant,,,,,CCC2M,,,,True,,,6,,67.21,,,M/L,,,,,,,,,,,,,,,,,,,,,,,,,,,,,,,,,,
product_2554350c-bc52-d655-a2bc-9ee82cc4ae59,Variant,,,,,CCC2S,,,,True,,,5,,67.21,,,S/M,,,,,,,,,,,,,,,,,,,,,,,,,,,,,,,,,,
product_2554350c-bc52-d655-a2bc-9ee82cc4ae59,Variant,,,,,CCC2XS,,,,True,,,4,,67.21,,,XS/S,,,,,,,,,,,,,,,,,,,,,,,,,,,,,,,,,,
product_2554350c-bc52-d655-a2bc-9ee82cc4ae59,Variant,,,,,CCC2L,,,,True,,,0,,67.21,,,L/XL,,,,,,,,,,,,,,,,,,,,,,,,,,,,,,,,,,
product_7a5a0bc1-1f6a-e379-eef3-b111c88708a4,Product,Commander Fiona Faund's Bridge Deck Bustier,"<p>No one will dare question your authority in Commander Fiona’s Bridge Deck Bustier.&nbsp;Made from high-quality chenille damask fabric, this corset top&nbsp;features a zip-back, adjustable straps with gold buckles and a lace-up front with large gold metal grommets. Lace up this pirate top with the gold chain it comes with or swap it out for a ribbon of your choice.<br><br>This item includes the storybook: ""The Cat Captain's Coffers""</p>",a47bec_c53fa7d4f1ea4c1a8c7f3629f93be0d4~mv2.png;a47bec_ccd628469f7043f886eb2f8943a1ee6a~mv2.png;a47bec_5a75a74b21ed493bbe87d3e50011446a~mv2.png;a47bec_d949049ae8d04a2895a904b89e55762d~mv2.png;a47bec_99c6859d241f41f98f4c03b9c0dfc19d~mv2.png;a47bec_abed93cf53da4c21ba8da10677a5ddfc~mv2.png;a47bec_d2542e03df974340a11e2d16c0bdb9ce,The Cat Captain's Coffers;Featured Slider,,,135.0,,True,PERCENT,0.0,0,,,Size,DROP_DOWN,XS;S;M;L;XL,,,,,,,,,,,,,,,,Size Chart,"<table>
	<tbody>
		<tr>
			<td>&nbsp;</td>
			<td>&nbsp;</td>
			<td>XS</td>
			<td>S</td>
			<td>M</td>
			<td>L</td>
			<td>XL</td>
		</tr>
		<tr>
			<td>Bust</td>
			<td>&nbsp;</td>
			<td>29.5"" - 31""</td>
			<td>31.5""-33""</td>
			<td>33""-34.5""</td>
			<td>36.25""-38""</td>
			<td>40.5""-42""</td>
		</tr>
		<tr>
			<td>Waist</td>
			<td>&nbsp;</td>
			<td>25""-27""</td>
			<td>27.5""-28.5""</td>
			<td>29""-31""</td>
			<td>29""-31""</td>
			<td>35""-38""</td>
		</tr>
		<tr>
			<td>Length</td>
			<td>&nbsp;</td>
			<td>13""-14""</td>
			<td>13""-14""</td>
			<td>13.5""-14.5""</td>
			<td>16""-17""</td>
			<td>16""-17""</td>
		</tr>
	</tbody>
</table>
",,,,,,,,,,,,,,,,,
product_7a5a0bc1-1f6a-e379-eef3-b111c88708a4,Variant,,,,,CCC8S,,,,True,,,2,,,,,S,,,,,,,,,,,,,,,,,,,,,,,,,,,,,,,,,,
product_7a5a0bc1-1f6a-e379-eef3-b111c88708a4,Variant,,,,,CCC8XS,,,,True,,,3,,,,,XS,,,,,,,,,,,,,,,,,,,,,,,,,,,,,,,,,,
product_7a5a0bc1-1f6a-e379-eef3-b111c88708a4,Variant,,,,,CCC8M,,,,True,,,5,,,,,M,,,,,,,,,,,,,,,,,,,,,,,,,,,,,,,,,,
product_7a5a0bc1-1f6a-e379-eef3-b111c88708a4,Variant,,,,,CCC8XL,,,,True,,,4,,,,,XL,,,,,,,,,,,,,,,,,,,,,,,,,,,,,,,,,,
product_7a5a0bc1-1f6a-e379-eef3-b111c88708a4,Variant,,,,,CCC8L,,,,True,,,4,,,,,L,,,,,,,,,,,,,,,,,,,,,,,,,,,,,,,,,,
product_1bcf4070-1e7f-5ca2-26c6-70347bfcb8c9,Product,Captain Fenclaw's Tiger Button Down - Human Cut,"<p>Storm the shores&nbsp;in&nbsp;Captain Fenclaw's Tiger Button Down. This unisex button&nbsp;down shirt is the purrrfect everyday luxury. &nbsp;Featuring gold metal buttons and a straight&nbsp;fit, this shirt will awaken the fur-midable swashbuckler&nbsp;within. Pair this tiger print shirt with our Topsail Trousers, Palazzo Pants or Kilt of Kazan.&nbsp;</p><p>&nbsp;</p><p>&nbsp;The Human&nbsp;Cut is our&nbsp;equivalent to your world's ""Regular Fit"" or ""Straight Cut."" We recomend this cut for men who's shoulder, chest, waist and hips are relatively the same size. Also recomended for women and&nbsp;anyone who likes a looser fit.&nbsp;<br><br>This item includes the storybook: ""The Cat Captain's Coffers""</p>",a47bec_f348520b9ee04354b3ae934d59126334~mv2.jpg;a47bec_91345d591864460ebf13d0009611cdd8~mv2.jpg;a47bec_4350b89267f04babb677ca459631ece5~mv2.png;a47bec_3736304f97ea40529a85490e5f9a69f7~mv2.png;a47bec_13c25b9f52444c719891eb04b04453ce~mv2.jpg;a47bec_1aa489ccdcde42f797bb8fa835762a4c;a47bec_3dbe443caae946b98f672bf4b0f2e384~mv2.png,The Cat Captain's Coffers,,,98.0,,True,PERCENT,0.0,0,,,Size,DROP_DOWN,S;M;L;XL;2XL;3XL,,,,,,,,,,,,,,,,Product Details,"<p>/98% Poly-Silk 2% Spandex</p>

<p>/ 2-way stretch</p>

<p>/ 7 Gold Portal&nbsp;buttons</p>

<p>/ Gold metallic cuffs</p>

<p>/ 2 Button&nbsp;</p>
",Size Chart,"<p>Human Cut Shirt Sizes</p>

<p>All Measurements in Cm</p>

<table>
	<tbody>
		<tr>
			<td>
			<table>
				<tbody>
					<tr>
						<td>SIZE:</td>
						<td>S</td>
						<td>M</td>
						<td>L</td>
						<td>XL</td>
						<td>XXL</td>
						<td>XXXL</td>
					</tr>
					<tr>
						<td>Chest</td>
						<td>52</td>
						<td>54.5</td>
						<td>56.5</td>
						<td>59.5</td>
						<td>63.5</td>
						<td>67</td>
					</tr>
					<tr>
						<td>Waist</td>
						<td>47</td>
						<td>50</td>
						<td>52</td>
						<td>55.5</td>
						<td>59.5</td>
						<td>62.5</td>
					</tr>
					<tr>
						<td>Collar</td>
						<td>42</td>
						<td>44.5</td>
						<td>45</td>
						<td>46.5</td>
						<td>48.5</td>
						<td>49</td>
					</tr>
					<tr>
						<td>Base</td>
						<td>52.5</td>
						<td>55</td>
						<td>57</td>
						<td>59.5</td>
						<td>63.5</td>
						<td>66.5</td>
					</tr>
					<tr>
						<td>Shoulder</td>
						<td>44</td>
						<td>44.5</td>
						<td>46</td>
						<td>47</td>
						<td>49.5</td>
						<td>51</td>
					</tr>
					<tr>
						<td>Length</td>
						<td>76</td>
						<td>78.5</td>
						<td>79.5</td>
						<td>81</td>
						<td>81.5</td>
						<td>84</td>
					</tr>
					<tr>
						<td>Sleeve</td>
						<td>84</td>
						<td>88</td>
						<td>89.5</td>
						<td>90</td>
						<td>92</td>
						<td>96</td>
					</tr>
					<tr>
						<td>Bicep</td>
						<td>20</td>
						<td>21</td>
						<td>22</td>
						<td>22.5</td>
						<td>23.5</td>
						<td>24.5</td>
					</tr>
					<tr>
						<td>Cuff</td>
						<td>21</td>
						<td>22.5</td>
						<td>24</td>
						<td>25</td>
						<td>26.5</td>
						<td>27.5</td>
					</tr>
				</tbody>
			</table>
			</td>
		</tr>
	</tbody>
</table>

<p>&nbsp;</p>
",,,,,,,,,,,,,,,Fenclaw & Faund
product_1bcf4070-1e7f-5ca2-26c6-70347bfcb8c9,Variant,,,,,CCC10L,,,,True,,,9,,,,,L,,,,,,,,,,,,,,,,,,,,,,,,,,,,,,,,,,
product_1bcf4070-1e7f-5ca2-26c6-70347bfcb8c9,Variant,,,,,CCC10XXL,,,,True,,,3,,,,,2XL,,,,,,,,,,,,,,,,,,,,,,,,,,,,,,,,,,
product_1bcf4070-1e7f-5ca2-26c6-70347bfcb8c9,Variant,,,,,CCC10M,,,,True,,,10,,,,,M,,,,,,,,,,,,,,,,,,,,,,,,,,,,,,,,,,
product_1bcf4070-1e7f-5ca2-26c6-70347bfcb8c9,Variant,,,,,CCC10S,,,,True,,,3,,,,,S,,,,,,,,,,,,,,,,,,,,,,,,,,,,,,,,,,
product_1bcf4070-1e7f-5ca2-26c6-70347bfcb8c9,Variant,,,,,CCC10XL,,,,True,,,3,,,,,XL,,,,,,,,,,,,,,,,,,,,,,,,,,,,,,,,,,
product_1bcf4070-1e7f-5ca2-26c6-70347bfcb8c9,Variant,,,,,CCC10XXXL,,,,True,,,1,,,,,3XL,,,,,,,,,,,,,,,,,,,,,,,,,,,,,,,,,,
product_a20e4083-6b52-9d61-574d-accb3bc7bddc,Product,Captain Fenclaw's Topsail Trousers,"<p>Kick down the tavern door in Captain Fenclaw's Topsail Trousers. These men's pants are cut like a traditional straight leg jean&nbsp;but are made out of high-quality chenille fabric. These red and gold pirate inspired pants feature two front and&nbsp;back pockets with a zipper and gold metal jean button closure with exclusive portal design. Pair them with our Tiger Button Down for a fantastic&nbsp;ensemble.<br><br>This item includes the storybook: ""The Cat Captain's Coffers""</p>",a47bec_4e843a50664c4f7ab28525b9dfa43e2f~mv2.png;a47bec_3fb85594385945469231ec7822e5dd65~mv2.png;a47bec_8999a0981bd74966aa03b89dd41c7625~mv2.png;a47bec_49dbbfcb50534a12a0ba86923c578876~mv2.png;a47bec_143e995ac48043c4a11d98beff28129d~mv2.png;a47bec_a464eda6f7a14ca298e99fd9f61c0a3b;a47bec_cc468284d66942aaaa341b638395194b~mv2.png,The Cat Captain's Coffers,,,150.0,,True,PERCENT,0.0,0,,,Size,DROP_DOWN,28;30;32;34;36;38;40,,,,,,,,,,,,,,,,PRODUCT DETAILS,"<p>100% Poly Chenille</p>

<p>Hand Wash Cold or Dry Clean</p>

<p>Hang to Dry</p>

<p>No bleach</p>

<p>&nbsp;</p>

<p>FIT</p>

<p>Staight Leg</p>

<p>&nbsp;</p>
",Size Chart,"<p>All Measurements In Cm</p>

<table>
	<tbody>
		<tr>
			<td>SIZE:</td>
			<td>28</td>
			<td>30</td>
			<td>32</td>
			<td>34</td>
			<td>36</td>
			<td>38</td>
		</tr>
		<tr>
			<td>Waist, Relaxed</td>
			<td>74</td>
			<td>78</td>
			<td>83</td>
			<td>88</td>
			<td>93</td>
			<td>98</td>
		</tr>
		<tr>
			<td>Waist, Stretched</td>
			<td>74</td>
			<td>78</td>
			<td>83</td>
			<td>88</td>
			<td>93</td>
			<td>98</td>
		</tr>
		<tr>
			<td>Seat, at Fly Btm.</td>
			<td>99</td>
			<td>101</td>
			<td>104</td>
			<td>107</td>
			<td>112</td>
			<td>117</td>
		</tr>
		<tr>
			<td>Thigh, at Crotch</td>
			<td>27</td>
			<td>28</td>
			<td>29</td>
			<td>30.5</td>
			<td>32.5</td>
			<td>35</td>
		</tr>
		<tr>
			<td>Ankle</td>
			<td>18.5</td>
			<td>19</td>
			<td>19.5</td>
			<td>20.5</td>
			<td>21</td>
			<td>22</td>
		</tr>
		<tr>
			<td>Inseam</td>
			<td>80</td>
			<td>81</td>
			<td>81</td>
			<td>81</td>
			<td>81</td>
			<td>81</td>
		</tr>
	</tbody>
</table>

<p>&nbsp;</p>
",,,,,,,,,,,,,,,
product_a20e4083-6b52-9d61-574d-accb3bc7bddc,Variant,,,,,CCC434,,,,True,,,6,,,,,34,,,,,,,,,,,,,,,,,,,,,,,,,,,,,,,,,,
product_a20e4083-6b52-9d61-574d-accb3bc7bddc,Variant,,,,,CCC438,,,,True,,,3,,,,,38,,,,,,,,,,,,,,,,,,,,,,,,,,,,,,,,,,
product_a20e4083-6b52-9d61-574d-accb3bc7bddc,Variant,,,,,CCC436,,,,True,,,5,,,,,36,,,,,,,,,,,,,,,,,,,,,,,,,,,,,,,,,,
product_a20e4083-6b52-9d61-574d-accb3bc7bddc,Variant,,,,,CCC428,,,,True,,,6,,,,,28,,,,,,,,,,,,,,,,,,,,,,,,,,,,,,,,,,
product_a20e4083-6b52-9d61-574d-accb3bc7bddc,Variant,,,,,CCC432,,,,True,,,5,,,,,32,,,,,,,,,,,,,,,,,,,,,,,,,,,,,,,,,,
product_a20e4083-6b52-9d61-574d-accb3bc7bddc,Variant,,,,,CCC440,,,,True,,,3,,,,,40,,,,,,,,,,,,,,,,,,,,,,,,,,,,,,,,,,
product_a20e4083-6b52-9d61-574d-accb3bc7bddc,Variant,,,,,CCC430,,,,True,,,3,,,,,30,,,,,,,,,,,,,,,,,,,,,,,,,,,,,,,,,,
product_14af3301-bf76-0b80-eb1b-a82c3bb37e4a,Product,Captain Fenclaw's Overcoat,"<p>Captain Fenclaw's Overcoat is an artifact of the legendary cat pirate himself.&nbsp;This red and gold damask pirate coat is made of high quality chenille fabric, sure to protect you from the elements and impress even your worst enemies. Fitted with decorative gold buttons on either side, this standard issue tail coat is worn open in the front. With 4 panels and a mandarin collar, the coat will awaken the captain in you.<br><br>This item includes the storybook: ""The Cat Captain's Coffers""</p>",a47bec_3cfb7db6531d452e927e3de810777493~mv2.png;a47bec_dc2cb14f31f941c598c0f0737eaaa826~mv2.png;a47bec_564c8e5c2cad447aa00f02297b18f905~mv2.png;a47bec_2fca61bdbfae4e3eb3cbf1fb2a9c2f4a~mv2.png;a47bec_c8ad9abf48924b2883870e9d3cf533a3~mv2.png;a47bec_0aa93ef68b8d47e1b291106e21fbacf3~mv2.jpg;a47bec_6ba6d0ea5376437cab5bba130e94e33c~mv2.jpg;a47bec_3634d16a740f40d5b22702da4fa70a73,The Cat Captain's Coffers;Featured Slider,,,380.0,,True,PERCENT,0.0,0,,,Size,DROP_DOWN,XS;S;M;L;XL;2XL;3XL,Color,COLOR,#B81616:Red,,,,,,,,,,,,,PRODUCT DETAILS,"<p>FIT &amp; FEATURES</p>

<p>/ Tailored fit– size up for a roomier feel&nbsp;<br>
/ Open front</p>

<p>/ 2 Outside pockets</p>

<p>/ 2 Inside pockets<br>
/ Mandarin collar</p>

<p>/ Paisley poly-silk lining<br>
/ Gold metal buttons<br>
/ Woven chenille fabric on main</p>

<p>/ Linen fabric on cuffs<br>
/ Tail in the back</p>

<p>Dry Clean or Hand Wash in Cold Water / Hang to Dry</p>
",,,,,,,,,,,,,,,,,
product_14af3301-bf76-0b80-eb1b-a82c3bb37e4a,Variant,,,,,CCC6S,,,,True,,,2,,162.0,,,S,,,#B81616:Red,,,,,,,,,,,,,,,,,,,,,,,,,,,,,,,
product_14af3301-bf76-0b80-eb1b-a82c3bb37e4a,Variant,,,,,CCC6L,,,,True,,,3,,162.0,,,L,,,#B81616:Red,,,,,,,,,,,,,,,,,,,,,,,,,,,,,,,
product_14af3301-bf76-0b80-eb1b-a82c3bb37e4a,Variant,,,,,CCC6XL,,,,True,,,1,,162.0,,,XL,,,#B81616:Red,,,,,,,,,,,,,,,,,,,,,,,,,,,,,,,
product_14af3301-bf76-0b80-eb1b-a82c3bb37e4a,Variant,,,,,CCC6M,,,,True,,,4,,162.0,,,M,,,#B81616:Red,,,,,,,,,,,,,,,,,,,,,,,,,,,,,,,
product_14af3301-bf76-0b80-eb1b-a82c3bb37e4a,Variant,,,,,CCC63XL,,,,True,,,1,,162.0,,,3XL,,,#B81616:Red,,,,,,,,,,,,,,,,,,,,,,,,,,,,,,,
product_14af3301-bf76-0b80-eb1b-a82c3bb37e4a,Variant,,,,,CCC6XS,,,,True,,,2,,162.0,,,XS,,,#B81616:Red,,,,,,,,,,,,,,,,,,,,,,,,,,,,,,,
product_14af3301-bf76-0b80-eb1b-a82c3bb37e4a,Variant,,,,,CCC62XL,,,,True,,,2,,162.0,,,2XL,,,#B81616:Red,,,,,,,,,,,,,,,,,,,,,,,,,,,,,,,
